title,comanpy,location,link
Lead JavaScript Developer,eXp World Holdings,"Charlotte, NC",https://remoteok.io//remote-jobs/107192-remote-lead-javascript-developer-exp-world-holdings
Senior React Developer,plan.com,üá™üá∫ EU,https://remoteok.io//remote-jobs/107146-remote-senior-react-developer-plan-com
Senior Full Stack JavaScript Developer,CloudDevs,Latin Americas or Europe,https://remoteok.io//remote-jobs/107127-remote-senior-full-stack-javascript-developer-clouddevs
Quality Assurance Engineer,FM,üåè Worldwide,https://remoteok.io//remote-jobs/107125-remote-quality-assurance-engineer-fm
Full Stack Software Engineer,Prominent Edge,üåè Worldwide,https://remoteok.io//remote-jobs/107096-remote-full-stack-software-engineer-prominent-edge
Experienced Symfony Developer,Shape & Shift,üåè Worldwide,https://remoteok.io//remote-jobs/107110-remote-experienced-symfony-developer-shape-shift
JavaScript Developers $20 35 Hr,White Sand,üåè Worldwide,https://remoteok.io//remote-jobs/107109-remote-javascript-developers-20-35-hr-white-sand
Lead Engineer REACT. JS,fotograf.de/GotPhoto,the European Union,https://remoteok.io//remote-jobs/107094-remote-lead-engineer-react-js-fotograf-de-gotphoto
Full Stack Java Developer,8common Ltd,Apac Timezone,https://remoteok.io//remote-jobs/107091-remote-full-stack-java-developer-8common-ltd
Senior Software Engineer Full Stack JavaScript,Qwire,üí∞ $60k - $105k*,https://remoteok.io//remote-jobs/107154-remote-senior-software-engineer-full-stack-javascript-qwire
Software Engineer Durable Objects,Cloudflare,üá∫üá∏ US,https://remoteok.io//remote-jobs/107068-remote-software-engineer-durable-objects-cloudflare
Backend Developer,iPhone Photography School,üåè Worldwide,https://remoteok.io//remote-jobs/107060-remote-backend-developer-iphone-photography-school
Software Engineer Fullstack,Shortwave,üá∫üá∏ US,https://remoteok.io//remote-jobs/107050-remote-software-engineer-fullstack-shortwave
Senior Web Developer Node Reactjs,Komoot,"Europe, Africa",https://remoteok.io//remote-jobs/107048-remote-senior-web-developer-node-reactjs-komoot
Senior Backend Engineer,TheyDo,üá™üá∫ EU,https://remoteok.io//remote-jobs/107039-remote-senior-backend-engineer-theydo
CTO Head of Engineering,kollect.me,üåè Worldwide,https://remoteok.io//remote-jobs/107033-remote-cto-head-of-engineering-kollect-me
Senior React Native Developer,Toptal,üåè Worldwide,https://remoteok.io//remote-jobs/107015-remote-senior-react-native-developer-toptal
Senior React Developer,Toptal,üåè Worldwide,https://remoteok.io//remote-jobs/107011-remote-senior-react-developer-toptal
Full Stack Developer,AML Software,USA & Canada,https://remoteok.io//remote-jobs/107002-remote-full-stack-developer-aml-software
Software Engineer,Honu AI,üåè Worldwide,https://remoteok.io//remote-jobs/107001-remote-software-engineer-honu-ai
Full Stack Developer,Playmaker,"Europe, Africa",https://remoteok.io//remote-jobs/107000-remote-full-stack-developer-playmaker
Full Stack Developer,Lightdash,üåè Worldwide,https://remoteok.io//remote-jobs/106977-remote-full-stack-developer-lightdash
Full Stack Developer,Raketech Group,üá™üá∫ EU,https://remoteok.io//remote-jobs/106973-remote-full-stack-developer-raketech-group
Senior Ruby on Rails Developer,Whitespectre,üåè Worldwide,https://remoteok.io//remote-jobs/106972-remote-senior-ruby-on-rails-developer-whitespectre
Freelance Senior JavaScript Developer,smartclip Europe GmbH,Europe Cest,https://remoteok.io//remote-jobs/106957-remote-freelance-senior-javascript-developer-smartclip-europe-gmbh
Frontend React Developer Mid Level,Wild Audience,Europe Remote,https://remoteok.io//remote-jobs/106947-remote-frontend-react-developer-mid-level-wild-audience
Senior React Engineer,Space 48,üåè Worldwide,https://remoteok.io//remote-jobs/106935-remote-senior-react-engineer-space-48
Senior Frontend Engineer,Standard Notes,üåè Worldwide,https://remoteok.io//remote-jobs/106931-remote-senior-frontend-engineer-standard-notes
Senior Frontend Engineer,8returns,üåè Worldwide,https://remoteok.io//remote-jobs/106917-remote-senior-frontend-engineer-8returns
Blockchain Integration Specialist,Bitfinex,üåè Worldwide,https://remoteok.io//remote-jobs/106913-remote-blockchain-integration-specialist-bitfinex
Software Engineer,FutureLearn,"Remote (Gmt +/- 2 Hours), with Optional London-Based Workspace",https://remoteok.io//remote-jobs/106907-remote-software-engineer-futurelearn
Senior Full Stack JavaScript Developer,DebugBear,Gmt +2/-2,https://remoteok.io//remote-jobs/106902-remote-senior-full-stack-javascript-developer-debugbear
Software Engineer,Teamflow,üåè Worldwide,https://remoteok.io//remote-jobs/106888-remote-software-engineer-teamflow
Senior Front End Developer,ElevenYellow,üåè Worldwide,https://remoteok.io//remote-jobs/106887-remote-senior-front-end-developer-elevenyellow
Senior Frontend Engineer,Loc.tax,+-2 Cet Europe,https://remoteok.io//remote-jobs/106883-remote-senior-frontend-engineer-loc-tax
Senior Frontend Engineer ‚Ä¢ DeFi,Rolla,üåè Worldwide,https://remoteok.io//remote-jobs/106879-remote-senior-frontend-engineer-o-defi-rolla
Frontend Tech Lead,Piktochart,üá™üá∫ EU,https://remoteok.io//remote-jobs/106875-remote-frontend-tech-lead-piktochart
Ampcontrol Full Stack Developer,Ampcontrol.io,üåè Worldwide,https://remoteok.io//remote-jobs/106873-remote-ampcontrol-full-stack-developer-ampcontrol-io
Cloud Microservice Architecture Engineer,Clevertech,üåè Worldwide,https://remoteok.io//remote-jobs/106866-remote-cloud-microservice-architecture-engineer-clevertech
Senior Backend Engineer Node,Clevertech,üåè Worldwide,https://remoteok.io//remote-jobs/106865-remote-senior-backend-engineer-node-clevertech
Senior Full Stack Engineer JavaScript,Clevertech,üåè Worldwide,https://remoteok.io//remote-jobs/106864-remote-senior-full-stack-engineer-javascript-clevertech
Senior Backend Developer Node,Bitfinex,üåè Worldwide,https://remoteok.io//remote-jobs/106858-remote-senior-backend-developer-node-bitfinex
Sr Front End Developer,Yuhu Inc.,North America/south America,https://remoteok.io//remote-jobs/106849-remote-sr-front-end-developer-yuhu-inc
Software Engineer,Brilliant,North America,https://remoteok.io//remote-jobs/106830-remote-software-engineer-brilliant
Senior Frontend Engineer,Carted,üåè Worldwide,https://remoteok.io//remote-jobs/106825-remote-senior-frontend-engineer-carted
Full Stack Engineer,YourStake,üåè Worldwide,https://remoteok.io//remote-jobs/106774-remote-full-stack-engineer-yourstake
Senior Full Stack Developer,Toptal,üåè Worldwide,https://remoteok.io//remote-jobs/106773-remote-senior-full-stack-developer-toptal
Senior Front End Developer,Toptal,üåè Worldwide,https://remoteok.io//remote-jobs/106772-remote-senior-front-end-developer-toptal
Senior Full Stack Engineer,Inventory Planner,üåè Worldwide,https://remoteok.io//remote-jobs/106763-remote-senior-full-stack-engineer-inventory-planner
Full Stack JavaScript Engineer,Opal,üåè Worldwide,https://remoteok.io//remote-jobs/106760-remote-full-stack-javascript-engineer-opal
Back End Engineer Go Node. JS,Oscatel,Uk,https://remoteok.io//remote-jobs/106753-remote-back-end-engineer-go-node-js-oscatel
Founding Frontend Developer,Biteline,United States Only,https://remoteok.io//remote-jobs/106752-remote-founding-frontend-developer-biteline
Tailwind React Front End Developer for B2B Platform,Dotsub,üåè Worldwide,https://remoteok.io//remote-jobs/106747-remote-tailwind-react-front-end-developer-for-b2b-platform-dotsub
Software Engineer,ScatterSpoke,"Remote, Americas Only",https://remoteok.io//remote-jobs/106738-remote-software-engineer-scatterspoke
Full Stack Engineer,Catenda,Eu,https://remoteok.io//remote-jobs/106726-remote-full-stack-engineer-catenda
Senior React Native,Request,üåè Worldwide,https://remoteok.io//remote-jobs/106723-remote-senior-react-native-request
Frontend Engineer,Cleo AI,üá™üá∫ EU,https://remoteok.io//remote-jobs/106722-remote-frontend-engineer-cleo-ai
Senior Software Engineer,Harness Network,California,https://remoteok.io//remote-jobs/106721-remote-senior-software-engineer-harness-network
Senior Software Engineer,Octopus Hydrogen,United Kingdom,https://remoteok.io//remote-jobs/106711-remote-senior-software-engineer-octopus-hydrogen
Senior React Native Engineer ‚Ä¢ DeFi App,Rolla,üåè Worldwide,https://remoteok.io//remote-jobs/106710-remote-senior-react-native-engineer-o-defi-app-rolla
Senior Frontend Developer,Laskie,Latin America,https://remoteok.io//remote-jobs/106693-remote-senior-frontend-developer-laskie
Senior Back End Developer,Toptal,üåè Worldwide,https://remoteok.io//remote-jobs/106623-remote-senior-back-end-developer-toptal
Senior Software Developer,Steadily,üåè Worldwide,https://remoteok.io//remote-jobs/106620-remote-senior-software-developer-steadily
Full Stack Software Developer,Art+Logic,United States and Canada,https://remoteok.io//remote-jobs/106607-remote-full-stack-software-developer-art-logic
Senior Full Stack Typescript Engineer,Deedmob,üåè Worldwide,https://remoteok.io//remote-jobs/106601-remote-senior-full-stack-typescript-engineer-deedmob
Senior Front End Developer,Travis,üåè Worldwide,https://remoteok.io//remote-jobs/106589-remote-senior-front-end-developer-travis
Cloud Microservice Architecture Engineer,Clevertech,üåè Worldwide,https://remoteok.io//remote-jobs/106290-remote-cloud-microservice-architecture-engineer-clevertech
Senior Full Stack Engineer JavaScript,Clevertech,üåè Worldwide,https://remoteok.io//remote-jobs/106288-remote-senior-full-stack-engineer-javascript-clevertech
Technical Architect JavaScript PHP,Blenderbox,üá∫üá∏ US,https://remoteok.io//remote-jobs/106115-remote-technical-architect-js-php-blenderbox
Senior Full Stack Developer Ruby React,GOhiring,+- 4 Hours CET,https://remoteok.io//remote-jobs/106045-remote-senior-full-stack-developer-ruby-react-gohiring
Polyglot Software Engineer TDD XP JavaScript,Pragmateam,üí∞ $60k - $110k*,https://remoteok.io//remote-jobs/106681-remote-polyglot-software-engineer-tdd-xp-javascript-pragmateam
Senior Node. JS Developer,Toptal,üåè Worldwide,https://remoteok.io//remote-jobs/106567-remote-senior-node-js-developer-toptal
Back End Developer,commercetools,United States - East Coast,https://remoteok.io//remote-jobs/106556-remote-back-end-developer-commercetools
Tech Lead Photography SaaS Scale Up,GotPhoto,üá™üá∫ EU,https://remoteok.io//remote-jobs/106554-remote-tech-lead-photography-saas-scale-up-gotphoto
Senior Frontend Engineer,HTTPie,üåè Worldwide,https://remoteok.io//remote-jobs/106553-remote-senior-frontend-engineer-httpie
Senior Software Engineer,8returns,üåè Worldwide,https://remoteok.io//remote-jobs/106535-remote-senior-software-engineer-8returns
Senior Fullstack Engineer,Athelas,üåè Worldwide,https://remoteok.io//remote-jobs/106521-remote-senior-fullstack-engineer-athelas
Wordpress Back End Developer,Alchemy + Aim,üåè Worldwide,https://remoteok.io//remote-jobs/106518-remote-wordpress-back-end-developer-alchemy-aim
Lead Engineer,Lighthouse,üá∫üá∏ US,https://remoteok.io//remote-jobs/106490-remote-lead-engineer-lighthouse
Engineering Manager,FutureLearn,üåè Worldwide,https://remoteok.io//remote-jobs/106430-remote-engineering-manager-futurelearn
Principal Software Engineer,Cogsy,üåè Worldwide,https://remoteok.io//remote-jobs/106426-remote-principal-software-engineer-cogsy
Backend with Node Engineer,Codelitt,"Northamerica, Southamerica",https://remoteok.io//remote-jobs/106414-remote-backend-with-node-engineer-codelitt
Fullstack Engineer,Codelitt,üåè Worldwide,https://remoteok.io//remote-jobs/106412-remote-fullstack-engineer-codelitt
Senior React Native Developer,Toptal,üåè Worldwide,https://remoteok.io//remote-jobs/106391-remote-senior-react-native-developer-toptal
Senior React Developer,Toptal,üåè Worldwide,https://remoteok.io//remote-jobs/106390-remote-senior-react-developer-toptal
Lead Full Stack Developer,Sezzle Europe,üåè Worldwide,https://remoteok.io//remote-jobs/106386-remote-lead-full-stack-developer-sezzle-europe
Node JavaScript Developer,Flyp,Pst/est Timezone,https://remoteok.io//remote-jobs/106378-remote-node-js-developer-flyp
Software Engineer React,SessionLab,Americas or Europe,https://remoteok.io//remote-jobs/106376-remote-software-engineer-react-sessionlab
Full Stack Web3 Developer,Sherbet,üåè Worldwide,https://remoteok.io//remote-jobs/106323-remote-full-stack-web3-developer-sherbet
Senior Fullstack Engineer,HTTPie,üá™üá∫ EU,https://remoteok.io//remote-jobs/106300-remote-senior-fullstack-engineer-httpie
Node.js Typescript Backend Developer for Star Citizen,Turbulent,üåè Worldwide,https://remoteok.io//remote-jobs/106287-remote-node-js-typescript-backend-developer-for-star-citizen-turbulent
Fullstack Developer,Toggl Hire,"Remote, Europe",https://remoteok.io//remote-jobs/106280-remote-fullstack-developer-toggl-hire
Frontend Developer,Toggl Hire,üá™üá∫ EU,https://remoteok.io//remote-jobs/106265-remote-frontend-developer-toggl-hire
Senior Software Engineer,BibliU,Australia,https://remoteok.io//remote-jobs/106237-remote-senior-software-engineer-bibliu
Senior Wordpress Developer,BranchLabs,üåè Worldwide,https://remoteok.io//remote-jobs/106186-remote-senior-wordpress-developer-branchlabs
Software Engineer,Capchase,üá™üá∫ EU,https://remoteok.io//remote-jobs/106179-remote-software-engineer-capchase
Creative Front End Developer,Series Eight,"UK, Europe",https://remoteok.io//remote-jobs/106178-remote-creative-front-end-developer-series-eight
UX Engineer,Ethyca,üåè Worldwide,https://remoteok.io//remote-jobs/106177-remote-ux-engineer-ethyca
Full Stack Developer,InvergeHQ,United States or Europe,https://remoteok.io//remote-jobs/106175-remote-full-stack-developer-invergehq
Python Developer,2amigos Consulting Group,Latin America,https://remoteok.io//remote-jobs/106172-remote-python-developer-2amigos-consulting-group
Senior Back End Engineer for API & Integrations,Cohabs,üá™üá∫ EU,https://remoteok.io//remote-jobs/106166-remote-senior-back-end-engineer-for-api-integrations-cohabs
Product Engineer Web Apps,Cohabs,üá™üá∫ EU,https://remoteok.io//remote-jobs/106165-remote-product-engineer-web-apps-cohabs
Full Stack Developer,Toptal,üåè Worldwide,https://remoteok.io//remote-jobs/106156-remote-full-stack-developer-toptal
Front End Developer,Toptal,üåè Worldwide,https://remoteok.io//remote-jobs/106153-remote-front-end-developer-toptal
Senior Full Stack Engineer,Hatchways,North America,https://remoteok.io//remote-jobs/106146-remote-senior-full-stack-engineer-hatchways
Typescript React Expert,Prezly,üåè Worldwide,https://remoteok.io//remote-jobs/106131-remote-typescript-react-expert-prezly
VP of Engineering,CareValidate,üá∫üá∏ US,https://remoteok.io//remote-jobs/106117-remote-vp-of-engineering-carevalidate
React Frontend Developer,The Things Industries,üåè Worldwide,https://remoteok.io//remote-jobs/106113-remote-react-frontend-developer-the-things-industries
React Developer,Saga Ventures,üåè Worldwide,https://remoteok.io//remote-jobs/106111-remote-react-developer-saga-ventures
React Native Engineer,Fullstack,üá∫üá∏ US,https://remoteok.io//remote-jobs/106072-remote-react-native-engineer-fullstack
Senior Frontend Engineer Perception,Labelbox,"United States, Canada, Europe",https://remoteok.io//remote-jobs/106068-remote-senior-frontend-engineer-perception-labelbox
Back End Developer,Toptal,üåè Worldwide,https://remoteok.io//remote-jobs/106036-remote-back-end-developer-toptal
Senior Backend Engineer,Argent,üá™üá∫ EU,https://remoteok.io//remote-jobs/106032-remote-senior-backend-engineer-argent
Senior PHP Developer,Junea,Cet/cest +/- 4 Hours,https://remoteok.io//remote-jobs/106031-remote-senior-php-developer-junea
Senior Software Engineer,Fulcrum,üåè Worldwide,https://remoteok.io//remote-jobs/106030-remote-senior-software-engineer-fulcrum
Senior Fullstack Developer,SellerLot,üåè Worldwide,https://remoteok.io//remote-jobs/106029-remote-senior-fullstack-developer-sellerlot
Senior Frontend Developer,Winden,üåè Worldwide,https://remoteok.io//remote-jobs/106019-remote-senior-frontend-developer-winden
Quality Assurance Automation Engineer,ORCID,üåè Worldwide,https://remoteok.io//remote-jobs/106015-remote-qa-automation-engineer-orcid
Experienced Front End Developer,Disxt,üá™üá∫ EU,https://remoteok.io//remote-jobs/105995-remote-experienced-front-end-developer-disxt
Senior Backend Developer,xapix,üá™üá∫ EU,https://remoteok.io//remote-jobs/105989-remote-senior-backend-developer-xapix
Lead Engineer Full Stack,Keen,üá∫üá∏ US,https://remoteok.io//remote-jobs/105964-remote-lead-engineer-full-stack-keen
Senior Elixir React Native Engineer,Sona,Europe (Gmt +/- 3),https://remoteok.io//remote-jobs/105957-remote-senior-elixir-react-native-engineer-sona
Tech Lead,Spoke.ai,Cet ¬±3,https://remoteok.io//remote-jobs/105956-remote-tech-lead-spoke-ai
Tech Lead,Spoke.ai,Cet ¬±3,https://remoteok.io//remote-jobs/105955-remote-tech-lead-spoke-ai
Experienced Rails and Mobile Software Engineer,MyHealthTeams,üá∫üá∏ US,https://remoteok.io//remote-jobs/105937-remote-experienced-rails-and-or-mobile-software-engineer-myhealthteams
Senior Full Stack Engineer,Rosemary Health,üåè Worldwide,https://remoteok.io//remote-jobs/105932-remote-senior-full-stack-engineer-rosemary-health
Node. JS Developer,Toptal,üåè Worldwide,https://remoteok.io//remote-jobs/105930-remote-node-js-developer-toptal
Fullstack Tools Developer,Turbulent,üåè Worldwide,https://remoteok.io//remote-jobs/105917-remote-fullstack-tools-developer-turbulent
Tech Lead CTO,Saga Ventures,üåè Worldwide,https://remoteok.io//remote-jobs/105912-remote-tech-lead-cto-saga-ventures
Senior Fullstack Developer,IMG.LY,üá™üá∫ EU,https://remoteok.io//remote-jobs/105882-remote-senior-fullstack-developer-img-ly
Senior Clojure Frontend Developer,Whimsical,"US, Canada, Europe",https://remoteok.io//remote-jobs/105877-remote-senior-clojure-frontend-developer-whimsical
Senior Data Engineer 100,Remotesome,"Latam, US, Canada",https://remoteok.io//remote-jobs/105836-remote-senior-data-engineer-100-remotesome
Security Engineer,Modern Treasury,üá∫üá∏ US,https://remoteok.io//remote-jobs/105816-remote-security-engineer-modern-treasury
Lead Mobile Engineer,Vinovest,USA Timezones,https://remoteok.io//remote-jobs/105805-remote-lead-mobile-engineer-vinovest
Meteor. JS Developer,Disclosure to Interested Applicants,"Toronto, Ontario Canada",https://remoteok.io//remote-jobs/106584-remote-meteor-js-developer-disclosure-to-interested-applicants
React Engineer,Prokeep,üí∞ $60k - $110k*,https://remoteok.io//remote-jobs/106533-remote-react-engineer-prokeep
JavaScript Developer For Video Surveillance System,IPConfigure,üí∞ $60k - $110k*,https://remoteok.io//remote-jobs/106531-remote-javascript-developer-for-video-surveillance-system-ipconfigure
Senior Software Engineer Rails Elm React,TriumphPay,üí∞ $60k - $110k*,https://remoteok.io//remote-jobs/106512-remote-senior-software-engineer-rails-elm-react-triumphpay
React JavaScript Engineer,Capital Markets Gateway,"Chicago, Illinois",https://remoteok.io//remote-jobs/106508-remote-react-js-engineer-capital-markets-gateway
Full Stack Node. JS React Engineer,Plutio,üí∞ $60k - $103k*,https://remoteok.io//remote-jobs/106718-remote-full-stack-node-js-react-engineer-plutio
API Engineer,Plutio,üí∞ $60k - $103k*,https://remoteok.io//remote-jobs/106719-remote-api-engineer-plutio
Full Stack Meteor + Blaze Developer Montreal,Medipense,"Montreal, or Remote (Canada) for the Right Candidate",https://remoteok.io//remote-jobs/106399-remote-full-stack-meteor-blaze-developer-montreal-medipense
Full Stack Meteor + Blaze Developer,Medipense,Remote (Canada),https://remoteok.io//remote-jobs/106564-remote-full-stack-meteor-blaze-developer-medipense
React Developer,Match.com,"Austin, Texas",https://remoteok.io//remote-jobs/106303-remote-react-developer-match-com
React Staff Software Engineer,Root Insurance Company,Eastern Time,https://remoteok.io//remote-jobs/106249-remote-react-staff-software-engineer-root-insurance-company
Senior JavaScript Engineer Retail,AUTO1,üí∞ $70k - $120k*,https://remoteok.io//remote-jobs/106260-remote-senior-javascript-engineer-retail-auto1
Full Stack Developer C# .NET Angular,digitalklang,üí∞ $60k - $110k*,https://remoteok.io//remote-jobs/106255-remote-full-stack-developer-c-net-angular-digitalklang
Full Stack Developer Renewable Energy Platform Back End Node. JS Typescript,Sennen,üí∞ $60k - $105k*,https://remoteok.io//remote-jobs/106244-remote-full-stack-developer-renewable-energy-platform-back-end-node-js-typescript-sennen
Help with Existing Old Meteor Application,Business Shows,London,https://remoteok.io//remote-jobs/105915-remote-help-with-existing-old-meteor-application-business-shows
CTO of a Side Project,MPP,Paris,https://remoteok.io//remote-jobs/105916-remote-cto-of-a-side-project-mpp
Aha!,https://weworkremotely.com//remote-jobs/aha-ruby-on-rails-engineer-react-js-javascript,Top Remote Company,/
Clevertech,https://weworkremotely.com//remote-jobs/clevertech-senior-full-stack-engineer-javascript,Top Remote Company,/
Senior JavaScript Developer (Fullstack),https://weworkremotely.com//remote-jobs/fingerprintjs-senior-javascript-developer-fullstack-2,FingerprintJS,Anywhere in the World
Senior / Lead JavaScript Web App Developer,https://weworkremotely.com//remote-jobs/freecash-senior-lead-javascript-web-app-developer,Freecash,Anywhere in the World
"Full Stack Web Developer (Node.js, Vue.js, JavaScript)",https://weworkremotely.com//remote-jobs/linkby-full-stack-web-developer-node-js-vue-js-javascript,Linkby,Anywhere in the World
"Senior (Full-Stack, Javascript) Developer for event tech/motorsport SaaS",https://weworkremotely.com//remote-jobs/hagerty-motorsportreg-senior-full-stack-javascript-developer-for-event-tech-motorsport-saas,Hagerty MotorsportReg,USA Only
Aha!,https://weworkremotely.com//remote-jobs/aha-sr-ruby-on-rails-engineer-react-js-javascript,Top Remote Company,/
Backend Javascript / Node.js Developer - Remote/SaaS (m/f/d),https://weworkremotely.com//remote-jobs/socialhub-backend-javascript-node-js-developer-remote-saas-m-f-d-1,SocialHub,Anywhere in the World
Full Stack JavaScript Engineer,https://weworkremotely.com//remote-jobs/opal-full-stack-javascript-engineer,Opal,Anywhere in the World
Senior Javascript Developer,https://weworkremotely.com//remote-jobs/bottomless-senior-javascript-developer-1,Bottomless,Anywhere in the World
JavaScript Developer,https://weworkremotely.com//remote-jobs/codelathe-javascript-developer,CodeLathe,Anywhere in the World
X-Team,https://weworkremotely.com//remote-jobs/x-team-full-stack-javascript-developer-1,Top Remote Company,/
Senior Full Stack JavaScript Developer,https://weworkremotely.com//remote-jobs/debugbear-senior-full-stack-javascript-developer,DebugBear,Europe Only
Javascript Application Developer (Remote),https://weworkremotely.com//remote-jobs/last-call-media-javascript-application-developer-remote,Last Call Media,Anywhere in the World
(Senior) Frontend Engineer at mobility start-up (m/f/x) - Munich or Remote,https://stackoverflow.com/jobs//jobs/519612/senior-frontend-engineer-at-mobility-start-up-finn?a=2Ogek9z5YzaU&so=i&pg=1&offset=0&total=117&so_medium=Internal&so_source=JobSearch&q=javascript,FINN,"M√ºnchen, Germany"
"Lead Polyglot Software Engineers ‚Äì TDD, XP, JavaScript",https://stackoverflow.com/jobs//jobs/519292/lead-polyglot-software-engineers-tdd-xp-pragmateam?a=2O9zNfCQnWFy&so=i&pg=1&offset=1&total=117&so_medium=Internal&so_source=JobSearch&q=javascript,Pragmateam,"Sydney, Australia"
Full-Stack JavaScript Developer (Remote),https://stackoverflow.com/jobs//jobs/534446/full-stack-javascript-developer-remote-x-team?a=2TeFxraI4Veo&so=i&pg=1&offset=2&total=117&so_medium=Internal&so_source=JobSearch&q=javascript,X-Team,No office location
Senior Javascript Developer (f/m/d),https://stackoverflow.com/jobs//jobs/487854/senior-javascript-developer-f-m-d-saloodo-gmbh?a=2DBT4taTGaQw&so=i&pg=1&offset=3&total=117&so_medium=Internal&so_source=JobSearch&q=javascript,Saloodo! GmbH,"K√∂ln, Deutschland"
"Remote Polyglot Software Engineer ‚Äì TDD, XP, JavaScript",https://stackoverflow.com/jobs//jobs/523004/remote-polyglot-software-engineer-tdd-xp-pragmateam?a=2PoKZkhDXTG0&so=i&pg=1&offset=4&total=117&so_medium=Internal&so_source=JobSearch&q=javascript,Pragmateam,No office location
Senior Javascript Full-stack Engineer,https://stackoverflow.com/jobs//jobs/520680/senior-javascript-full-stack-engineer-didomi?a=2OCqZ4CFrdq8&so=i&pg=1&offset=5&total=117&so_medium=Internal&so_source=JobSearch&q=javascript,Didomi,"Paris, France"
Javascript Frontend Developer | Remote (freelance),https://stackoverflow.com/jobs//jobs/557355/javascript-frontend-developer-remote-freelance-mercateo-group?a=30V0RR4iEeUo&so=i&pg=1&offset=6&total=117&so_medium=Internal&so_source=JobSearch&q=javascript,Mercateo Group,No office location
Senior Front-End JavaScript Engineer,https://stackoverflow.com/jobs//jobs/150823/senior-front-end-javascript-engineer-canva?a=OA2Tw1cRi5a&so=i&pg=1&offset=7&total=117&so_medium=Internal&so_source=JobSearch&q=javascript,Canva,"Sydney, Australia"
"Backend Software Engineer, Applications Performance Management",https://stackoverflow.com/jobs//jobs/541572/backend-software-engineer-applications-bytedance?a=2VCQ54YxdfJS&so=i&pg=1&offset=8&total=117&so_medium=Internal&so_source=JobSearch&q=javascript,ByteDance,Singapore
*REMOTE* React.js (Node.js) TypeScript FE/FS Engineer (m/f/x)-Global Marketplace,https://stackoverflow.com/jobs//jobs/433429/remote-reactjs-nodejs-typescript-fe-fs-avantgarde-creating-fans?a=2lmeCTkGVpXW&so=i&pg=1&offset=9&total=117&so_medium=Internal&so_source=JobSearch&q=javascript,"AVANTGARDE - ""Creating Fans""",No office location
Full Stack Engineer (m/f/d),https://stackoverflow.com/jobs//jobs/552987/full-stack-engineer-m-f-d-fashion-cloud?a=2ZsbP8H4eFyM&so=i&pg=1&offset=10&total=117&so_medium=Internal&so_source=JobSearch&q=javascript,Fashion Cloud,"Amsterdam, Netherlands"
"Full Stack Software Engineer, Business Integrity",https://stackoverflow.com/jobs//jobs/553099/full-stack-software-engineer-business-integrity-bytedance?a=2Zuwd3tm5MPe&so=i&pg=1&offset=11&total=117&so_medium=Internal&so_source=JobSearch&q=javascript,ByteDance,Singapore
Senior Backend Software Engineer - Java or Kotlin (f/m/d),https://stackoverflow.com/jobs//jobs/555447/senior-backend-software-engineer-java-or-kotlin-zooplus-ag?a=30hl9zJfAz4c&so=i&pg=1&offset=12&total=117&so_medium=Internal&so_source=JobSearch&q=javascript,zooplus AG,"Madrid, Spain"
Senior Software Engineer (Frontend),https://stackoverflow.com/jobs//jobs/185876/senior-software-engineer-frontend-deepfield-networks?a=10kTLndJTso8&so=i&pg=1&offset=13&total=117&so_medium=Internal&so_source=JobSearch&q=javascript,Deepfield Networks,"Ann Arbor, MI"
"Frontend Software Engineer, Business Integrity",https://stackoverflow.com/jobs//jobs/553035/frontend-software-engineer-business-integrity-bytedance?a=2ZtbHFSUaRwY&so=i&pg=1&offset=14&total=117&so_medium=Internal&so_source=JobSearch&q=javascript,ByteDance,Singapore
Software Developers for our offices in Germany and UK,https://stackoverflow.com/jobs//jobs/524299/software-developers-for-our-offices-in-germany-evotec-se?a=2PPGrQUIVWj6&so=i&pg=1&offset=15&total=117&so_medium=Internal&so_source=JobSearch&q=javascript,Evotec SE,"Hamburg, Germany"
Software Architect (Django/Flask + React),https://stackoverflow.com/jobs//jobs/307459/software-architect-django-flask-plus-react-self-decode?a=1F6XlsSPjHVK&so=i&pg=1&offset=16&total=117&so_medium=Internal&so_source=JobSearch&q=javascript,Self Decode,No office location
"Backend Software Engineer, PHP (Remote)",https://stackoverflow.com/jobs//jobs/315815/backend-software-engineer-php-remote-automattic?a=1HUHykcK7ZbW&so=i&pg=1&offset=17&total=117&so_medium=Internal&so_source=JobSearch&q=javascript,Automattic,No office location
Front-End Software Engineer,https://stackoverflow.com/jobs//jobs/381280/front-end-software-engineer-hennge-kk?a=23RUj1XCL9n2&so=i&pg=1&offset=18&total=117&so_medium=Internal&so_source=JobSearch&q=javascript,HENNGE K.K.,"Tokyo, Japan"
Front End Software Engineer ‚Äì HPC Products,https://stackoverflow.com/jobs//jobs/528137/front-end-software-engineer-hpc-products-dug-technology?a=2R7ueP8Fh2Ok&so=i&pg=1&offset=19&total=117&so_medium=Internal&so_source=JobSearch&q=javascript,DUG Technology,"West Perth, Australia"
Customer Implementation Engineer (m/w/d),https://stackoverflow.com/jobs//jobs/556780/customer-implementation-engineer-m-w-d-labforward-gmbh?a=30J3BmiML5Qc&so=i&pg=1&offset=20&total=117&so_medium=Internal&so_source=JobSearch&q=javascript,Labforward GmbH,"Berlin, Germany"
Software Engineer for AdblockPlus Chromium,https://stackoverflow.com/jobs//jobs/509364/software-engineer-for-adblockplus-chromium-eyeo-gmbh?a=2KP91RiK5lmw&so=i&pg=1&offset=21&total=117&so_medium=Internal&so_source=JobSearch&q=javascript,eyeo GmbH,No office location
Vue.js Developer (Remote),https://stackoverflow.com/jobs//jobs/534462/vuejs-developer-remote-x-team?a=2Tf0ahzk3Eys&so=i&pg=1&offset=22&total=117&so_medium=Internal&so_source=JobSearch&q=javascript,X-Team,No office location
ArcGIS for Office,https://stackoverflow.com/jobs//jobs/523598/arcgis-for-office-esri?a=2PB6UrsHCVTa&so=i&pg=1&offset=23&total=117&so_medium=Internal&so_source=JobSearch&q=javascript,Esri,"Redlands, CA"
C++ Software Developer (w/m/d) - Automotive Simulation - Munich / DE-remote,https://stackoverflow.com/jobs//jobs/551302/c-plus-plus-software-developer-w-m-d-automotive-paradox-cat-gmbh?a=2YT9ALo3w3Fm&so=i&pg=1&offset=24&total=117&so_medium=Internal&so_source=JobSearch&q=javascript,Paradox Cat GmbH,"M√ºnchen, Deutschland"
(Senior) Frontend Engineer at mobility start-up (m/f/x) - Munich or Remote,https://stackoverflow.com/jobs//jobs/519612/senior-frontend-engineer-at-mobility-start-up-finn?a=2Ogek9z5YzaU&so=i&pg=1&offset=0&total=117&so_medium=Internal&so_source=JobSearch&q=javascript,FINN,"M√ºnchen, Germany"
"Lead Polyglot Software Engineers ‚Äì TDD, XP, JavaScript",https://stackoverflow.com/jobs//jobs/519292/lead-polyglot-software-engineers-tdd-xp-pragmateam?a=2O9zNfCQnWFy&so=i&pg=1&offset=1&total=117&so_medium=Internal&so_source=JobSearch&q=javascript,Pragmateam,"Sydney, Australia"
Full-Stack JavaScript Developer (Remote),https://stackoverflow.com/jobs//jobs/534446/full-stack-javascript-developer-remote-x-team?a=2TeFxraI4Veo&so=i&pg=1&offset=2&total=117&so_medium=Internal&so_source=JobSearch&q=javascript,X-Team,No office location
Senior Javascript Developer (f/m/d),https://stackoverflow.com/jobs//jobs/487854/senior-javascript-developer-f-m-d-saloodo-gmbh?a=2DBT4taTGaQw&so=i&pg=1&offset=3&total=117&so_medium=Internal&so_source=JobSearch&q=javascript,Saloodo! GmbH,"K√∂ln, Deutschland"
"Remote Polyglot Software Engineer ‚Äì TDD, XP, JavaScript",https://stackoverflow.com/jobs//jobs/523004/remote-polyglot-software-engineer-tdd-xp-pragmateam?a=2PoKZkhDXTG0&so=i&pg=1&offset=4&total=117&so_medium=Internal&so_source=JobSearch&q=javascript,Pragmateam,No office location
Senior Javascript Full-stack Engineer,https://stackoverflow.com/jobs//jobs/520680/senior-javascript-full-stack-engineer-didomi?a=2OCqZ4CFrdq8&so=i&pg=1&offset=5&total=117&so_medium=Internal&so_source=JobSearch&q=javascript,Didomi,"Paris, France"
Javascript Frontend Developer | Remote (freelance),https://stackoverflow.com/jobs//jobs/557355/javascript-frontend-developer-remote-freelance-mercateo-group?a=30V0RR4iEeUo&so=i&pg=1&offset=6&total=117&so_medium=Internal&so_source=JobSearch&q=javascript,Mercateo Group,No office location
Senior Front-End JavaScript Engineer,https://stackoverflow.com/jobs//jobs/150823/senior-front-end-javascript-engineer-canva?a=OA2Tw1cRi5a&so=i&pg=1&offset=7&total=117&so_medium=Internal&so_source=JobSearch&q=javascript,Canva,"Sydney, Australia"
"Backend Software Engineer, Applications Performance Management",https://stackoverflow.com/jobs//jobs/541572/backend-software-engineer-applications-bytedance?a=2VCQ54YxdfJS&so=i&pg=1&offset=8&total=117&so_medium=Internal&so_source=JobSearch&q=javascript,ByteDance,Singapore
*REMOTE* React.js (Node.js) TypeScript FE/FS Engineer (m/f/x)-Global Marketplace,https://stackoverflow.com/jobs//jobs/433429/remote-reactjs-nodejs-typescript-fe-fs-avantgarde-creating-fans?a=2lmeCTkGVpXW&so=i&pg=1&offset=9&total=117&so_medium=Internal&so_source=JobSearch&q=javascript,"AVANTGARDE - ""Creating Fans""",No office location
Full Stack Engineer (m/f/d),https://stackoverflow.com/jobs//jobs/552987/full-stack-engineer-m-f-d-fashion-cloud?a=2ZsbP8H4eFyM&so=i&pg=1&offset=10&total=117&so_medium=Internal&so_source=JobSearch&q=javascript,Fashion Cloud,"Amsterdam, Netherlands"
"Full Stack Software Engineer, Business Integrity",https://stackoverflow.com/jobs//jobs/553099/full-stack-software-engineer-business-integrity-bytedance?a=2Zuwd3tm5MPe&so=i&pg=1&offset=11&total=117&so_medium=Internal&so_source=JobSearch&q=javascript,ByteDance,Singapore
Senior Backend Software Engineer - Java or Kotlin (f/m/d),https://stackoverflow.com/jobs//jobs/555447/senior-backend-software-engineer-java-or-kotlin-zooplus-ag?a=30hl9zJfAz4c&so=i&pg=1&offset=12&total=117&so_medium=Internal&so_source=JobSearch&q=javascript,zooplus AG,"Madrid, Spain"
Senior Software Engineer (Frontend),https://stackoverflow.com/jobs//jobs/185876/senior-software-engineer-frontend-deepfield-networks?a=10kTLndJTso8&so=i&pg=1&offset=13&total=117&so_medium=Internal&so_source=JobSearch&q=javascript,Deepfield Networks,"Ann Arbor, MI"
"Frontend Software Engineer, Business Integrity",https://stackoverflow.com/jobs//jobs/553035/frontend-software-engineer-business-integrity-bytedance?a=2ZtbHFSUaRwY&so=i&pg=1&offset=14&total=117&so_medium=Internal&so_source=JobSearch&q=javascript,ByteDance,Singapore
Software Developers for our offices in Germany and UK,https://stackoverflow.com/jobs//jobs/524299/software-developers-for-our-offices-in-germany-evotec-se?a=2PPGrQUIVWj6&so=i&pg=1&offset=15&total=117&so_medium=Internal&so_source=JobSearch&q=javascript,Evotec SE,"Hamburg, Germany"
Software Architect (Django/Flask + React),https://stackoverflow.com/jobs//jobs/307459/software-architect-django-flask-plus-react-self-decode?a=1F6XlsSPjHVK&so=i&pg=1&offset=16&total=117&so_medium=Internal&so_source=JobSearch&q=javascript,Self Decode,No office location
"Backend Software Engineer, PHP (Remote)",https://stackoverflow.com/jobs//jobs/315815/backend-software-engineer-php-remote-automattic?a=1HUHykcK7ZbW&so=i&pg=1&offset=17&total=117&so_medium=Internal&so_source=JobSearch&q=javascript,Automattic,No office location
Front-End Software Engineer,https://stackoverflow.com/jobs//jobs/381280/front-end-software-engineer-hennge-kk?a=23RUj1XCL9n2&so=i&pg=1&offset=18&total=117&so_medium=Internal&so_source=JobSearch&q=javascript,HENNGE K.K.,"Tokyo, Japan"
Front End Software Engineer ‚Äì HPC Products,https://stackoverflow.com/jobs//jobs/528137/front-end-software-engineer-hpc-products-dug-technology?a=2R7ueP8Fh2Ok&so=i&pg=1&offset=19&total=117&so_medium=Internal&so_source=JobSearch&q=javascript,DUG Technology,"West Perth, Australia"
Customer Implementation Engineer (m/w/d),https://stackoverflow.com/jobs//jobs/556780/customer-implementation-engineer-m-w-d-labforward-gmbh?a=30J3BmiML5Qc&so=i&pg=1&offset=20&total=117&so_medium=Internal&so_source=JobSearch&q=javascript,Labforward GmbH,"Berlin, Germany"
Software Engineer for AdblockPlus Chromium,https://stackoverflow.com/jobs//jobs/509364/software-engineer-for-adblockplus-chromium-eyeo-gmbh?a=2KP91RiK5lmw&so=i&pg=1&offset=21&total=117&so_medium=Internal&so_source=JobSearch&q=javascript,eyeo GmbH,No office location
Vue.js Developer (Remote),https://stackoverflow.com/jobs//jobs/534462/vuejs-developer-remote-x-team?a=2Tf0ahzk3Eys&so=i&pg=1&offset=22&total=117&so_medium=Internal&so_source=JobSearch&q=javascript,X-Team,No office location
ArcGIS for Office,https://stackoverflow.com/jobs//jobs/523598/arcgis-for-office-esri?a=2PB6UrsHCVTa&so=i&pg=1&offset=23&total=117&so_medium=Internal&so_source=JobSearch&q=javascript,Esri,"Redlands, CA"
C++ Software Developer (w/m/d) - Automotive Simulation - Munich / DE-remote,https://stackoverflow.com/jobs//jobs/551302/c-plus-plus-software-developer-w-m-d-automotive-paradox-cat-gmbh?a=2YT9ALo3w3Fm&so=i&pg=1&offset=24&total=117&so_medium=Internal&so_source=JobSearch&q=javascript,Paradox Cat GmbH,"M√ºnchen, Deutschland"
(Senior) Frontend Engineer at mobility start-up (m/f/x) - Munich or Remote,https://stackoverflow.com/jobs//jobs/519612/senior-frontend-engineer-at-mobility-start-up-finn?a=2Ogek9z5YzaU&so=i&pg=1&offset=0&total=117&so_medium=Internal&so_source=JobSearch&q=javascript,FINN,"M√ºnchen, Germany"
"Lead Polyglot Software Engineers ‚Äì TDD, XP, JavaScript",https://stackoverflow.com/jobs//jobs/519292/lead-polyglot-software-engineers-tdd-xp-pragmateam?a=2O9zNfCQnWFy&so=i&pg=1&offset=1&total=117&so_medium=Internal&so_source=JobSearch&q=javascript,Pragmateam,"Sydney, Australia"
Full-Stack JavaScript Developer (Remote),https://stackoverflow.com/jobs//jobs/534446/full-stack-javascript-developer-remote-x-team?a=2TeFxraI4Veo&so=i&pg=1&offset=2&total=117&so_medium=Internal&so_source=JobSearch&q=javascript,X-Team,No office location
Senior Javascript Developer (f/m/d),https://stackoverflow.com/jobs//jobs/487854/senior-javascript-developer-f-m-d-saloodo-gmbh?a=2DBT4taTGaQw&so=i&pg=1&offset=3&total=117&so_medium=Internal&so_source=JobSearch&q=javascript,Saloodo! GmbH,"K√∂ln, Deutschland"
"Remote Polyglot Software Engineer ‚Äì TDD, XP, JavaScript",https://stackoverflow.com/jobs//jobs/523004/remote-polyglot-software-engineer-tdd-xp-pragmateam?a=2PoKZkhDXTG0&so=i&pg=1&offset=4&total=117&so_medium=Internal&so_source=JobSearch&q=javascript,Pragmateam,No office location
Senior Javascript Full-stack Engineer,https://stackoverflow.com/jobs//jobs/520680/senior-javascript-full-stack-engineer-didomi?a=2OCqZ4CFrdq8&so=i&pg=1&offset=5&total=117&so_medium=Internal&so_source=JobSearch&q=javascript,Didomi,"Paris, France"
Javascript Frontend Developer | Remote (freelance),https://stackoverflow.com/jobs//jobs/557355/javascript-frontend-developer-remote-freelance-mercateo-group?a=30V0RR4iEeUo&so=i&pg=1&offset=6&total=117&so_medium=Internal&so_source=JobSearch&q=javascript,Mercateo Group,No office location
Senior Front-End JavaScript Engineer,https://stackoverflow.com/jobs//jobs/150823/senior-front-end-javascript-engineer-canva?a=OA2Tw1cRi5a&so=i&pg=1&offset=7&total=117&so_medium=Internal&so_source=JobSearch&q=javascript,Canva,"Sydney, Australia"
"Backend Software Engineer, Applications Performance Management",https://stackoverflow.com/jobs//jobs/541572/backend-software-engineer-applications-bytedance?a=2VCQ54YxdfJS&so=i&pg=1&offset=8&total=117&so_medium=Internal&so_source=JobSearch&q=javascript,ByteDance,Singapore
*REMOTE* React.js (Node.js) TypeScript FE/FS Engineer (m/f/x)-Global Marketplace,https://stackoverflow.com/jobs//jobs/433429/remote-reactjs-nodejs-typescript-fe-fs-avantgarde-creating-fans?a=2lmeCTkGVpXW&so=i&pg=1&offset=9&total=117&so_medium=Internal&so_source=JobSearch&q=javascript,"AVANTGARDE - ""Creating Fans""",No office location
Full Stack Engineer (m/f/d),https://stackoverflow.com/jobs//jobs/552987/full-stack-engineer-m-f-d-fashion-cloud?a=2ZsbP8H4eFyM&so=i&pg=1&offset=10&total=117&so_medium=Internal&so_source=JobSearch&q=javascript,Fashion Cloud,"Amsterdam, Netherlands"
"Full Stack Software Engineer, Business Integrity",https://stackoverflow.com/jobs//jobs/553099/full-stack-software-engineer-business-integrity-bytedance?a=2Zuwd3tm5MPe&so=i&pg=1&offset=11&total=117&so_medium=Internal&so_source=JobSearch&q=javascript,ByteDance,Singapore
Senior Backend Software Engineer - Java or Kotlin (f/m/d),https://stackoverflow.com/jobs//jobs/555447/senior-backend-software-engineer-java-or-kotlin-zooplus-ag?a=30hl9zJfAz4c&so=i&pg=1&offset=12&total=117&so_medium=Internal&so_source=JobSearch&q=javascript,zooplus AG,"Madrid, Spain"
Senior Software Engineer (Frontend),https://stackoverflow.com/jobs//jobs/185876/senior-software-engineer-frontend-deepfield-networks?a=10kTLndJTso8&so=i&pg=1&offset=13&total=117&so_medium=Internal&so_source=JobSearch&q=javascript,Deepfield Networks,"Ann Arbor, MI"
"Frontend Software Engineer, Business Integrity",https://stackoverflow.com/jobs//jobs/553035/frontend-software-engineer-business-integrity-bytedance?a=2ZtbHFSUaRwY&so=i&pg=1&offset=14&total=117&so_medium=Internal&so_source=JobSearch&q=javascript,ByteDance,Singapore
Software Developers for our offices in Germany and UK,https://stackoverflow.com/jobs//jobs/524299/software-developers-for-our-offices-in-germany-evotec-se?a=2PPGrQUIVWj6&so=i&pg=1&offset=15&total=117&so_medium=Internal&so_source=JobSearch&q=javascript,Evotec SE,"Hamburg, Germany"
Software Architect (Django/Flask + React),https://stackoverflow.com/jobs//jobs/307459/software-architect-django-flask-plus-react-self-decode?a=1F6XlsSPjHVK&so=i&pg=1&offset=16&total=117&so_medium=Internal&so_source=JobSearch&q=javascript,Self Decode,No office location
"Backend Software Engineer, PHP (Remote)",https://stackoverflow.com/jobs//jobs/315815/backend-software-engineer-php-remote-automattic?a=1HUHykcK7ZbW&so=i&pg=1&offset=17&total=117&so_medium=Internal&so_source=JobSearch&q=javascript,Automattic,No office location
Front-End Software Engineer,https://stackoverflow.com/jobs//jobs/381280/front-end-software-engineer-hennge-kk?a=23RUj1XCL9n2&so=i&pg=1&offset=18&total=117&so_medium=Internal&so_source=JobSearch&q=javascript,HENNGE K.K.,"Tokyo, Japan"
Front End Software Engineer ‚Äì HPC Products,https://stackoverflow.com/jobs//jobs/528137/front-end-software-engineer-hpc-products-dug-technology?a=2R7ueP8Fh2Ok&so=i&pg=1&offset=19&total=117&so_medium=Internal&so_source=JobSearch&q=javascript,DUG Technology,"West Perth, Australia"
Customer Implementation Engineer (m/w/d),https://stackoverflow.com/jobs//jobs/556780/customer-implementation-engineer-m-w-d-labforward-gmbh?a=30J3BmiML5Qc&so=i&pg=1&offset=20&total=117&so_medium=Internal&so_source=JobSearch&q=javascript,Labforward GmbH,"Berlin, Germany"
Software Engineer for AdblockPlus Chromium,https://stackoverflow.com/jobs//jobs/509364/software-engineer-for-adblockplus-chromium-eyeo-gmbh?a=2KP91RiK5lmw&so=i&pg=1&offset=21&total=117&so_medium=Internal&so_source=JobSearch&q=javascript,eyeo GmbH,No office location
Vue.js Developer (Remote),https://stackoverflow.com/jobs//jobs/534462/vuejs-developer-remote-x-team?a=2Tf0ahzk3Eys&so=i&pg=1&offset=22&total=117&so_medium=Internal&so_source=JobSearch&q=javascript,X-Team,No office location
ArcGIS for Office,https://stackoverflow.com/jobs//jobs/523598/arcgis-for-office-esri?a=2PB6UrsHCVTa&so=i&pg=1&offset=23&total=117&so_medium=Internal&so_source=JobSearch&q=javascript,Esri,"Redlands, CA"
C++ Software Developer (w/m/d) - Automotive Simulation - Munich / DE-remote,https://stackoverflow.com/jobs//jobs/551302/c-plus-plus-software-developer-w-m-d-automotive-paradox-cat-gmbh?a=2YT9ALo3w3Fm&so=i&pg=1&offset=24&total=117&so_medium=Internal&so_source=JobSearch&q=javascript,Paradox Cat GmbH,"M√ºnchen, Deutschland"
(Senior) Frontend Engineer at mobility start-up (m/f/x) - Munich or Remote,https://stackoverflow.com/jobs//jobs/519612/senior-frontend-engineer-at-mobility-start-up-finn?a=2Ogek9z5YzaU&so=i&pg=1&offset=0&total=117&so_medium=Internal&so_source=JobSearch&q=javascript,FINN,"M√ºnchen, Germany"
"Lead Polyglot Software Engineers ‚Äì TDD, XP, JavaScript",https://stackoverflow.com/jobs//jobs/519292/lead-polyglot-software-engineers-tdd-xp-pragmateam?a=2O9zNfCQnWFy&so=i&pg=1&offset=1&total=117&so_medium=Internal&so_source=JobSearch&q=javascript,Pragmateam,"Sydney, Australia"
Full-Stack JavaScript Developer (Remote),https://stackoverflow.com/jobs//jobs/534446/full-stack-javascript-developer-remote-x-team?a=2TeFxraI4Veo&so=i&pg=1&offset=2&total=117&so_medium=Internal&so_source=JobSearch&q=javascript,X-Team,No office location
Senior Javascript Developer (f/m/d),https://stackoverflow.com/jobs//jobs/487854/senior-javascript-developer-f-m-d-saloodo-gmbh?a=2DBT4taTGaQw&so=i&pg=1&offset=3&total=117&so_medium=Internal&so_source=JobSearch&q=javascript,Saloodo! GmbH,"K√∂ln, Deutschland"
"Remote Polyglot Software Engineer ‚Äì TDD, XP, JavaScript",https://stackoverflow.com/jobs//jobs/523004/remote-polyglot-software-engineer-tdd-xp-pragmateam?a=2PoKZkhDXTG0&so=i&pg=1&offset=4&total=117&so_medium=Internal&so_source=JobSearch&q=javascript,Pragmateam,No office location
Senior Javascript Full-stack Engineer,https://stackoverflow.com/jobs//jobs/520680/senior-javascript-full-stack-engineer-didomi?a=2OCqZ4CFrdq8&so=i&pg=1&offset=5&total=117&so_medium=Internal&so_source=JobSearch&q=javascript,Didomi,"Paris, France"
Javascript Frontend Developer | Remote (freelance),https://stackoverflow.com/jobs//jobs/557355/javascript-frontend-developer-remote-freelance-mercateo-group?a=30V0RR4iEeUo&so=i&pg=1&offset=6&total=117&so_medium=Internal&so_source=JobSearch&q=javascript,Mercateo Group,No office location
Senior Front-End JavaScript Engineer,https://stackoverflow.com/jobs//jobs/150823/senior-front-end-javascript-engineer-canva?a=OA2Tw1cRi5a&so=i&pg=1&offset=7&total=117&so_medium=Internal&so_source=JobSearch&q=javascript,Canva,"Sydney, Australia"
"Backend Software Engineer, Applications Performance Management",https://stackoverflow.com/jobs//jobs/541572/backend-software-engineer-applications-bytedance?a=2VCQ54YxdfJS&so=i&pg=1&offset=8&total=117&so_medium=Internal&so_source=JobSearch&q=javascript,ByteDance,Singapore
*REMOTE* React.js (Node.js) TypeScript FE/FS Engineer (m/f/x)-Global Marketplace,https://stackoverflow.com/jobs//jobs/433429/remote-reactjs-nodejs-typescript-fe-fs-avantgarde-creating-fans?a=2lmeCTkGVpXW&so=i&pg=1&offset=9&total=117&so_medium=Internal&so_source=JobSearch&q=javascript,"AVANTGARDE - ""Creating Fans""",No office location
Full Stack Engineer (m/f/d),https://stackoverflow.com/jobs//jobs/552987/full-stack-engineer-m-f-d-fashion-cloud?a=2ZsbP8H4eFyM&so=i&pg=1&offset=10&total=117&so_medium=Internal&so_source=JobSearch&q=javascript,Fashion Cloud,"Amsterdam, Netherlands"
"Full Stack Software Engineer, Business Integrity",https://stackoverflow.com/jobs//jobs/553099/full-stack-software-engineer-business-integrity-bytedance?a=2Zuwd3tm5MPe&so=i&pg=1&offset=11&total=117&so_medium=Internal&so_source=JobSearch&q=javascript,ByteDance,Singapore
Senior Backend Software Engineer - Java or Kotlin (f/m/d),https://stackoverflow.com/jobs//jobs/555447/senior-backend-software-engineer-java-or-kotlin-zooplus-ag?a=30hl9zJfAz4c&so=i&pg=1&offset=12&total=117&so_medium=Internal&so_source=JobSearch&q=javascript,zooplus AG,"Madrid, Spain"
Senior Software Engineer (Frontend),https://stackoverflow.com/jobs//jobs/185876/senior-software-engineer-frontend-deepfield-networks?a=10kTLndJTso8&so=i&pg=1&offset=13&total=117&so_medium=Internal&so_source=JobSearch&q=javascript,Deepfield Networks,"Ann Arbor, MI"
"Frontend Software Engineer, Business Integrity",https://stackoverflow.com/jobs//jobs/553035/frontend-software-engineer-business-integrity-bytedance?a=2ZtbHFSUaRwY&so=i&pg=1&offset=14&total=117&so_medium=Internal&so_source=JobSearch&q=javascript,ByteDance,Singapore
Software Developers for our offices in Germany and UK,https://stackoverflow.com/jobs//jobs/524299/software-developers-for-our-offices-in-germany-evotec-se?a=2PPGrQUIVWj6&so=i&pg=1&offset=15&total=117&so_medium=Internal&so_source=JobSearch&q=javascript,Evotec SE,"Hamburg, Germany"
Software Architect (Django/Flask + React),https://stackoverflow.com/jobs//jobs/307459/software-architect-django-flask-plus-react-self-decode?a=1F6XlsSPjHVK&so=i&pg=1&offset=16&total=117&so_medium=Internal&so_source=JobSearch&q=javascript,Self Decode,No office location
"Backend Software Engineer, PHP (Remote)",https://stackoverflow.com/jobs//jobs/315815/backend-software-engineer-php-remote-automattic?a=1HUHykcK7ZbW&so=i&pg=1&offset=17&total=117&so_medium=Internal&so_source=JobSearch&q=javascript,Automattic,No office location
Front-End Software Engineer,https://stackoverflow.com/jobs//jobs/381280/front-end-software-engineer-hennge-kk?a=23RUj1XCL9n2&so=i&pg=1&offset=18&total=117&so_medium=Internal&so_source=JobSearch&q=javascript,HENNGE K.K.,"Tokyo, Japan"
Front End Software Engineer ‚Äì HPC Products,https://stackoverflow.com/jobs//jobs/528137/front-end-software-engineer-hpc-products-dug-technology?a=2R7ueP8Fh2Ok&so=i&pg=1&offset=19&total=117&so_medium=Internal&so_source=JobSearch&q=javascript,DUG Technology,"West Perth, Australia"
Customer Implementation Engineer (m/w/d),https://stackoverflow.com/jobs//jobs/556780/customer-implementation-engineer-m-w-d-labforward-gmbh?a=30J3BmiML5Qc&so=i&pg=1&offset=20&total=117&so_medium=Internal&so_source=JobSearch&q=javascript,Labforward GmbH,"Berlin, Germany"
Software Engineer for AdblockPlus Chromium,https://stackoverflow.com/jobs//jobs/509364/software-engineer-for-adblockplus-chromium-eyeo-gmbh?a=2KP91RiK5lmw&so=i&pg=1&offset=21&total=117&so_medium=Internal&so_source=JobSearch&q=javascript,eyeo GmbH,No office location
Vue.js Developer (Remote),https://stackoverflow.com/jobs//jobs/534462/vuejs-developer-remote-x-team?a=2Tf0ahzk3Eys&so=i&pg=1&offset=22&total=117&so_medium=Internal&so_source=JobSearch&q=javascript,X-Team,No office location
ArcGIS for Office,https://stackoverflow.com/jobs//jobs/523598/arcgis-for-office-esri?a=2PB6UrsHCVTa&so=i&pg=1&offset=23&total=117&so_medium=Internal&so_source=JobSearch&q=javascript,Esri,"Redlands, CA"
C++ Software Developer (w/m/d) - Automotive Simulation - Munich / DE-remote,https://stackoverflow.com/jobs//jobs/551302/c-plus-plus-software-developer-w-m-d-automotive-paradox-cat-gmbh?a=2YT9ALo3w3Fm&so=i&pg=1&offset=24&total=117&so_medium=Internal&so_source=JobSearch&q=javascript,Paradox Cat GmbH,"M√ºnchen, Deutschland"
(Senior) Frontend Engineer at mobility start-up (m/f/x) - Munich or Remote,https://stackoverflow.com/jobs//jobs/519612/senior-frontend-engineer-at-mobility-start-up-finn?a=2Ogek9z5YzaU&so=i&pg=1&offset=0&total=117&so_medium=Internal&so_source=JobSearch&q=javascript,FINN,"M√ºnchen, Germany"
"Lead Polyglot Software Engineers ‚Äì TDD, XP, JavaScript",https://stackoverflow.com/jobs//jobs/519292/lead-polyglot-software-engineers-tdd-xp-pragmateam?a=2O9zNfCQnWFy&so=i&pg=1&offset=1&total=117&so_medium=Internal&so_source=JobSearch&q=javascript,Pragmateam,"Sydney, Australia"
Full-Stack JavaScript Developer (Remote),https://stackoverflow.com/jobs//jobs/534446/full-stack-javascript-developer-remote-x-team?a=2TeFxraI4Veo&so=i&pg=1&offset=2&total=117&so_medium=Internal&so_source=JobSearch&q=javascript,X-Team,No office location
Senior Javascript Developer (f/m/d),https://stackoverflow.com/jobs//jobs/487854/senior-javascript-developer-f-m-d-saloodo-gmbh?a=2DBT4taTGaQw&so=i&pg=1&offset=3&total=117&so_medium=Internal&so_source=JobSearch&q=javascript,Saloodo! GmbH,"K√∂ln, Deutschland"
"Remote Polyglot Software Engineer ‚Äì TDD, XP, JavaScript",https://stackoverflow.com/jobs//jobs/523004/remote-polyglot-software-engineer-tdd-xp-pragmateam?a=2PoKZkhDXTG0&so=i&pg=1&offset=4&total=117&so_medium=Internal&so_source=JobSearch&q=javascript,Pragmateam,No office location
Senior Javascript Full-stack Engineer,https://stackoverflow.com/jobs//jobs/520680/senior-javascript-full-stack-engineer-didomi?a=2OCqZ4CFrdq8&so=i&pg=1&offset=5&total=117&so_medium=Internal&so_source=JobSearch&q=javascript,Didomi,"Paris, France"
Javascript Frontend Developer | Remote (freelance),https://stackoverflow.com/jobs//jobs/557355/javascript-frontend-developer-remote-freelance-mercateo-group?a=30V0RR4iEeUo&so=i&pg=1&offset=6&total=117&so_medium=Internal&so_source=JobSearch&q=javascript,Mercateo Group,No office location
Senior Front-End JavaScript Engineer,https://stackoverflow.com/jobs//jobs/150823/senior-front-end-javascript-engineer-canva?a=OA2Tw1cRi5a&so=i&pg=1&offset=7&total=117&so_medium=Internal&so_source=JobSearch&q=javascript,Canva,"Sydney, Australia"
"Backend Software Engineer, Applications Performance Management",https://stackoverflow.com/jobs//jobs/541572/backend-software-engineer-applications-bytedance?a=2VCQ54YxdfJS&so=i&pg=1&offset=8&total=117&so_medium=Internal&so_source=JobSearch&q=javascript,ByteDance,Singapore
*REMOTE* React.js (Node.js) TypeScript FE/FS Engineer (m/f/x)-Global Marketplace,https://stackoverflow.com/jobs//jobs/433429/remote-reactjs-nodejs-typescript-fe-fs-avantgarde-creating-fans?a=2lmeCTkGVpXW&so=i&pg=1&offset=9&total=117&so_medium=Internal&so_source=JobSearch&q=javascript,"AVANTGARDE - ""Creating Fans""",No office location
Full Stack Engineer (m/f/d),https://stackoverflow.com/jobs//jobs/552987/full-stack-engineer-m-f-d-fashion-cloud?a=2ZsbP8H4eFyM&so=i&pg=1&offset=10&total=117&so_medium=Internal&so_source=JobSearch&q=javascript,Fashion Cloud,"Amsterdam, Netherlands"
"Full Stack Software Engineer, Business Integrity",https://stackoverflow.com/jobs//jobs/553099/full-stack-software-engineer-business-integrity-bytedance?a=2Zuwd3tm5MPe&so=i&pg=1&offset=11&total=117&so_medium=Internal&so_source=JobSearch&q=javascript,ByteDance,Singapore
Senior Backend Software Engineer - Java or Kotlin (f/m/d),https://stackoverflow.com/jobs//jobs/555447/senior-backend-software-engineer-java-or-kotlin-zooplus-ag?a=30hl9zJfAz4c&so=i&pg=1&offset=12&total=117&so_medium=Internal&so_source=JobSearch&q=javascript,zooplus AG,"Madrid, Spain"
Senior Software Engineer (Frontend),https://stackoverflow.com/jobs//jobs/185876/senior-software-engineer-frontend-deepfield-networks?a=10kTLndJTso8&so=i&pg=1&offset=13&total=117&so_medium=Internal&so_source=JobSearch&q=javascript,Deepfield Networks,"Ann Arbor, MI"
"Frontend Software Engineer, Business Integrity",https://stackoverflow.com/jobs//jobs/553035/frontend-software-engineer-business-integrity-bytedance?a=2ZtbHFSUaRwY&so=i&pg=1&offset=14&total=117&so_medium=Internal&so_source=JobSearch&q=javascript,ByteDance,Singapore
Software Developers for our offices in Germany and UK,https://stackoverflow.com/jobs//jobs/524299/software-developers-for-our-offices-in-germany-evotec-se?a=2PPGrQUIVWj6&so=i&pg=1&offset=15&total=117&so_medium=Internal&so_source=JobSearch&q=javascript,Evotec SE,"Hamburg, Germany"
Software Architect (Django/Flask + React),https://stackoverflow.com/jobs//jobs/307459/software-architect-django-flask-plus-react-self-decode?a=1F6XlsSPjHVK&so=i&pg=1&offset=16&total=117&so_medium=Internal&so_source=JobSearch&q=javascript,Self Decode,No office location
"Backend Software Engineer, PHP (Remote)",https://stackoverflow.com/jobs//jobs/315815/backend-software-engineer-php-remote-automattic?a=1HUHykcK7ZbW&so=i&pg=1&offset=17&total=117&so_medium=Internal&so_source=JobSearch&q=javascript,Automattic,No office location
Front-End Software Engineer,https://stackoverflow.com/jobs//jobs/381280/front-end-software-engineer-hennge-kk?a=23RUj1XCL9n2&so=i&pg=1&offset=18&total=117&so_medium=Internal&so_source=JobSearch&q=javascript,HENNGE K.K.,"Tokyo, Japan"
Front End Software Engineer ‚Äì HPC Products,https://stackoverflow.com/jobs//jobs/528137/front-end-software-engineer-hpc-products-dug-technology?a=2R7ueP8Fh2Ok&so=i&pg=1&offset=19&total=117&so_medium=Internal&so_source=JobSearch&q=javascript,DUG Technology,"West Perth, Australia"
Customer Implementation Engineer (m/w/d),https://stackoverflow.com/jobs//jobs/556780/customer-implementation-engineer-m-w-d-labforward-gmbh?a=30J3BmiML5Qc&so=i&pg=1&offset=20&total=117&so_medium=Internal&so_source=JobSearch&q=javascript,Labforward GmbH,"Berlin, Germany"
Software Engineer for AdblockPlus Chromium,https://stackoverflow.com/jobs//jobs/509364/software-engineer-for-adblockplus-chromium-eyeo-gmbh?a=2KP91RiK5lmw&so=i&pg=1&offset=21&total=117&so_medium=Internal&so_source=JobSearch&q=javascript,eyeo GmbH,No office location
Vue.js Developer (Remote),https://stackoverflow.com/jobs//jobs/534462/vuejs-developer-remote-x-team?a=2Tf0ahzk3Eys&so=i&pg=1&offset=22&total=117&so_medium=Internal&so_source=JobSearch&q=javascript,X-Team,No office location
ArcGIS for Office,https://stackoverflow.com/jobs//jobs/523598/arcgis-for-office-esri?a=2PB6UrsHCVTa&so=i&pg=1&offset=23&total=117&so_medium=Internal&so_source=JobSearch&q=javascript,Esri,"Redlands, CA"
C++ Software Developer (w/m/d) - Automotive Simulation - Munich / DE-remote,https://stackoverflow.com/jobs//jobs/551302/c-plus-plus-software-developer-w-m-d-automotive-paradox-cat-gmbh?a=2YT9ALo3w3Fm&so=i&pg=1&offset=24&total=117&so_medium=Internal&so_source=JobSearch&q=javascript,Paradox Cat GmbH,"M√ºnchen, Deutschland"
